"id","state_lgd","state_name","district_lgd","district_name","created_at","updated_at"
"601","35","Andaman And Nicobar Islands","603","Nicobars","2025-11-11 14:51:45","2025-11-13 15:26:45"
"630","35","Andaman And Nicobar Islands","632","North And Middle Andaman","2025-11-11 14:51:45","2025-11-13 15:26:45"
"600","35","Andaman And Nicobar Islands","602","South Andamans","2025-11-11 14:51:45","2025-11-13 15:26:45"
"743","28","Andhra Pradesh","745","Alluri Sitharama Raju","2025-11-11 14:51:45","2025-11-13 15:26:45"
"742","28","Andhra Pradesh","744","Anakapalli","2025-11-11 14:51:45","2025-11-13 15:26:45"
"502","28","Andhra Pradesh","502","Ananthapuramu","2025-11-11 14:51:45","2025-11-13 15:26:45"
"751","28","Andhra Pradesh","753","Annamayya","2025-11-11 14:51:45","2025-11-13 15:26:45"
"748","28","Andhra Pradesh","750","Bapatla","2025-11-11 14:51:45","2025-11-13 15:26:45"
"503","28","Andhra Pradesh","503","Chittoor","2025-11-11 14:51:45","2025-11-13 15:26:45"
"745","28","Andhra Pradesh","747","Dr. B.R. Ambedkar Konaseema","2025-11-11 14:51:45","2025-11-13 15:26:45"
"505","28","Andhra Pradesh","505","East Godavari","2025-11-11 14:51:45","2025-11-13 15:26:45"
"746","28","Andhra Pradesh","748","Eluru","2025-11-11 14:51:45","2025-11-13 15:26:45"
"506","28","Andhra Pradesh","506","Guntur","2025-11-11 14:51:45","2025-11-13 15:26:45"
"744","28","Andhra Pradesh","746","Kakinada","2025-11-11 14:51:45","2025-11-13 15:26:45"
"510","28","Andhra Pradesh","510","Krishna","2025-11-11 14:51:45","2025-11-13 15:26:45"
"511","28","Andhra Pradesh","511","Kurnool","2025-11-11 14:51:45","2025-11-13 15:26:45"
"753","28","Andhra Pradesh","755","Nandyal","2025-11-11 14:51:45","2025-11-13 15:26:45"
"747","28","Andhra Pradesh","749","Ntr","2025-11-11 14:51:45","2025-11-13 15:26:45"
"749","28","Andhra Pradesh","751","Palnadu","2025-11-11 14:51:45","2025-11-13 15:26:45"
"741","28","Andhra Pradesh","743","Parvathipuram Manyam","2025-11-11 14:51:45","2025-11-13 15:26:45"
"517","28","Andhra Pradesh","517","Prakasam","2025-11-11 14:51:45","2025-11-13 15:26:45"
"515","28","Andhra Pradesh","515","Sri Potti Sriramulu Nellore","2025-11-11 14:51:45","2025-11-13 15:26:45"
"752","28","Andhra Pradesh","754","Sri Sathya Sai","2025-11-11 14:51:45","2025-11-13 15:26:45"
"519","28","Andhra Pradesh","519","Srikakulam","2025-11-11 14:51:45","2025-11-13 15:26:45"
"778","28","Andhra Pradesh","789","Test District D1","2025-11-11 14:51:45","2025-11-13 15:26:45"
"750","28","Andhra Pradesh","752","Tirupati","2025-11-11 14:51:45","2025-11-13 15:26:45"
"520","28","Andhra Pradesh","520","Visakhapatnam","2025-11-11 14:51:45","2025-11-13 15:26:45"
"521","28","Andhra Pradesh","521","Vizianagaram","2025-11-11 14:51:45","2025-11-13 15:26:45"
"523","28","Andhra Pradesh","523","West Godavari","2025-11-11 14:51:45","2025-11-13 15:26:45"
"504","28","Andhra Pradesh","504","Y.S.R. Kadapa","2025-11-11 14:51:45","2025-11-13 15:26:45"
"626","12","Arunachal Pradesh","628","Anjaw","2025-11-11 14:51:45","2025-11-13 15:26:45"
"776","12","Arunachal Pradesh","787","Bichom","2025-11-11 14:51:45","2025-11-13 15:26:45"
"229","12","Arunachal Pradesh","229","Changlang","2025-11-11 14:51:45","2025-11-13 15:26:45"
"230","12","Arunachal Pradesh","230","Dibang Valley","2025-11-11 14:51:45","2025-11-13 15:26:45"
"231","12","Arunachal Pradesh","231","East Kameng","2025-11-11 14:51:45","2025-11-13 15:26:45"
"232","12","Arunachal Pradesh","232","East Siang","2025-11-11 14:51:45","2025-11-13 15:26:45"
"716","12","Arunachal Pradesh","718","Kamle","2025-11-11 14:51:45","2025-11-13 15:26:45"
"775","12","Arunachal Pradesh","786","Keyi Panyor","2025-11-11 14:51:45","2025-11-13 15:26:45"
"675","12","Arunachal Pradesh","677","Kra Daadi","2025-11-11 14:51:45","2025-11-13 15:26:45"
"233","12","Arunachal Pradesh","233","Kurung Kumey","2025-11-11 14:51:45","2025-11-13 15:26:45"
"722","12","Arunachal Pradesh","724","Leparada","2025-11-11 14:51:45","2025-11-13 15:26:45"
"234","12","Arunachal Pradesh","234","Lohit","2025-11-11 14:51:45","2025-11-13 15:26:45"
"664","12","Arunachal Pradesh","666","Longding","2025-11-11 14:51:45","2025-11-13 15:26:45"
"235","12","Arunachal Pradesh","235","Lower Dibang Valley","2025-11-11 14:51:45","2025-11-13 15:26:45"
"717","12","Arunachal Pradesh","719","Lower Siang","2025-11-11 14:51:45","2025-11-13 15:26:45"
"236","12","Arunachal Pradesh","236","Lower Subansiri","2025-11-11 14:51:45","2025-11-13 15:26:45"
"676","12","Arunachal Pradesh","678","Namsai","2025-11-11 14:51:45","2025-11-13 15:26:45"
"721","12","Arunachal Pradesh","723","Pakke Kessang","2025-11-11 14:51:45","2025-11-13 15:26:45"
"237","12","Arunachal Pradesh","237","Papum Pare","2025-11-11 14:51:45","2025-11-13 15:26:45"
"723","12","Arunachal Pradesh","725","Shi Yomi","2025-11-11 14:51:45","2025-11-13 15:26:45"
"677","12","Arunachal Pradesh","679","Siang","2025-11-11 14:51:45","2025-11-13 15:26:45"
"238","12","Arunachal Pradesh","238","Tawang","2025-11-11 14:51:45","2025-11-13 15:26:45"
"239","12","Arunachal Pradesh","239","Tirap","2025-11-11 14:51:45","2025-11-13 15:26:45"
"240","12","Arunachal Pradesh","240","Upper Siang","2025-11-11 14:51:45","2025-11-13 15:26:45"
"241","12","Arunachal Pradesh","241","Upper Subansiri","2025-11-11 14:51:45","2025-11-13 15:26:45"
"242","12","Arunachal Pradesh","242","West Kameng","2025-11-11 14:51:45","2025-11-13 15:26:45"
"243","12","Arunachal Pradesh","243","West Siang","2025-11-11 14:51:45","2025-11-13 15:26:45"
"737","18","Assam","739","Bajali","2025-11-11 14:51:45","2025-11-13 15:26:45"
"614","18","Assam","616","Baksa","2025-11-11 14:51:45","2025-11-13 15:26:45"
"280","18","Assam","280","Barpeta","2025-11-11 14:51:45","2025-11-13 15:26:45"
"703","18","Assam","705","Biswanath","2025-11-11 14:51:45","2025-11-13 15:26:45"
"281","18","Assam","281","Bongaigaon","2025-11-11 14:51:45","2025-11-13 15:26:45"
"282","18","Assam","282","Cachar","2025-11-11 14:51:45","2025-11-13 15:26:45"
"706","18","Assam","708","Charaideo","2025-11-11 14:51:45","2025-11-13 15:26:45"
"610","18","Assam","612","Chirang","2025-11-11 14:51:45","2025-11-13 15:26:45"
"283","18","Assam","283","Darrang","2025-11-11 14:51:45","2025-11-13 15:26:45"
"284","18","Assam","284","Dhemaji","2025-11-11 14:51:45","2025-11-13 15:26:45"
"285","18","Assam","285","Dhubri","2025-11-11 14:51:45","2025-11-13 15:26:45"
"286","18","Assam","286","Dibrugarh","2025-11-11 14:51:45","2025-11-13 15:26:45"
"299","18","Assam","299","Dima Hasao","2025-11-11 14:51:45","2025-11-13 15:26:45"
"287","18","Assam","287","Goalpara","2025-11-11 14:51:45","2025-11-13 15:26:45"
"288","18","Assam","288","Golaghat","2025-11-11 14:51:45","2025-11-13 15:26:45"
"289","18","Assam","289","Hailakandi","2025-11-11 14:51:45","2025-11-13 15:26:45"
"707","18","Assam","709","Hojai","2025-11-11 14:51:45","2025-11-13 15:26:45"
"290","18","Assam","290","Jorhat","2025-11-11 14:51:45","2025-11-13 15:26:45"
"291","18","Assam","291","Kamrup","2025-11-11 14:51:45","2025-11-13 15:26:45"
"616","18","Assam","618","Kamrup Metro","2025-11-11 14:51:45","2025-11-13 15:26:45"
"292","18","Assam","292","Karbi Anglong","2025-11-11 14:51:45","2025-11-13 15:26:45"
"294","18","Assam","294","Kokrajhar","2025-11-11 14:51:45","2025-11-13 15:26:45"
"295","18","Assam","295","Lakhimpur","2025-11-11 14:51:45","2025-11-13 15:26:45"
"704","18","Assam","706","Majuli","2025-11-11 14:51:45","2025-11-13 15:26:45"
"296","18","Assam","296","Marigaon","2025-11-11 14:51:45","2025-11-13 15:26:45"
"297","18","Assam","297","Nagaon","2025-11-11 14:51:45","2025-11-13 15:26:45"
"298","18","Assam","298","Nalbari","2025-11-11 14:51:45","2025-11-13 15:26:45"
"300","18","Assam","300","Sivasagar","2025-11-11 14:51:45","2025-11-13 15:26:45"
"301","18","Assam","301","Sonitpur","2025-11-11 14:51:45","2025-11-13 15:26:45"
"705","18","Assam","707","South Salmara Mancachar","2025-11-11 14:51:45","2025-11-13 15:26:45"
"293","18","Assam","293","Sribhumi","2025-11-11 14:51:45","2025-11-13 15:26:45"
"754","18","Assam","756","Tamulpur","2025-11-11 14:51:45","2025-11-13 15:26:45"
"302","18","Assam","302","Tinsukia","2025-11-11 14:51:45","2025-11-13 15:26:45"
"615","18","Assam","617","Udalguri","2025-11-11 14:51:45","2025-11-13 15:26:45"
"708","18","Assam","710","West Karbi Anglong","2025-11-11 14:51:45","2025-11-13 15:26:45"
"188","10","Bihar","188","Araria","2025-11-11 14:51:45","2025-11-13 15:26:45"
"609","10","Bihar","611","Arwal","2025-11-11 14:51:45","2025-11-13 15:26:45"
"189","10","Bihar","189","Aurangabad","2025-11-11 14:51:45","2025-11-13 15:26:45"
"190","10","Bihar","190","Banka","2025-11-11 14:51:45","2025-11-13 15:26:45"
"191","10","Bihar","191","Begusarai","2025-11-11 14:51:45","2025-11-13 15:26:45"
"192","10","Bihar","192","Bhagalpur","2025-11-11 14:51:45","2025-11-13 15:26:45"
"193","10","Bihar","193","Bhojpur","2025-11-11 14:51:45","2025-11-13 15:26:45"
"194","10","Bihar","194","Buxar","2025-11-11 14:51:45","2025-11-13 15:26:45"
"195","10","Bihar","195","Darbhanga","2025-11-11 14:51:45","2025-11-13 15:26:45"
"196","10","Bihar","196","Gaya","2025-11-11 14:51:45","2025-11-13 15:26:45"
"197","10","Bihar","197","Gopalganj","2025-11-11 14:51:45","2025-11-13 15:26:45"
"198","10","Bihar","198","Jamui","2025-11-11 14:51:45","2025-11-13 15:26:45"
"199","10","Bihar","199","Jehanabad","2025-11-11 14:51:45","2025-11-13 15:26:45"
"200","10","Bihar","200","Kaimur (Bhabua)","2025-11-11 14:51:45","2025-11-13 15:26:45"
"201","10","Bihar","201","Katihar","2025-11-11 14:51:45","2025-11-13 15:26:45"
"202","10","Bihar","202","Khagaria","2025-11-11 14:51:45","2025-11-13 15:26:45"
"203","10","Bihar","203","Kishanganj","2025-11-11 14:51:45","2025-11-13 15:26:45"
"204","10","Bihar","204","Lakhisarai","2025-11-11 14:51:45","2025-11-13 15:26:45"
"205","10","Bihar","205","Madhepura","2025-11-11 14:51:45","2025-11-13 15:26:45"
"206","10","Bihar","206","Madhubani","2025-11-11 14:51:45","2025-11-13 15:26:45"
"207","10","Bihar","207","Munger","2025-11-11 14:51:45","2025-11-13 15:26:45"
"208","10","Bihar","208","Muzaffarpur","2025-11-11 14:51:45","2025-11-13 15:26:45"
"209","10","Bihar","209","Nalanda","2025-11-11 14:51:45","2025-11-13 15:26:45"
"210","10","Bihar","210","Nawada","2025-11-11 14:51:45","2025-11-13 15:26:45"
"211","10","Bihar","211","Pashchim Champaran","2025-11-11 14:51:45","2025-11-13 15:26:45"
"212","10","Bihar","212","Patna","2025-11-11 14:51:45","2025-11-13 15:26:45"
"213","10","Bihar","213","Purbi Champaran","2025-11-11 14:51:45","2025-11-13 15:26:45"
"214","10","Bihar","214","Purnia","2025-11-11 14:51:45","2025-11-13 15:26:45"
"215","10","Bihar","215","Rohtas","2025-11-11 14:51:45","2025-11-13 15:26:45"
"216","10","Bihar","216","Saharsa","2025-11-11 14:51:45","2025-11-13 15:26:45"
"217","10","Bihar","217","Samastipur","2025-11-11 14:51:45","2025-11-13 15:26:45"
"218","10","Bihar","218","Saran","2025-11-11 14:51:45","2025-11-13 15:26:45"
"219","10","Bihar","219","Sheikhpura","2025-11-11 14:51:45","2025-11-13 15:26:45"
"220","10","Bihar","220","Sheohar","2025-11-11 14:51:45","2025-11-13 15:26:45"
"221","10","Bihar","221","Sitamarhi","2025-11-11 14:51:45","2025-11-13 15:26:45"
"222","10","Bihar","222","Siwan","2025-11-11 14:51:45","2025-11-13 15:26:45"
"223","10","Bihar","223","Supaul","2025-11-11 14:51:45","2025-11-13 15:26:45"
"224","10","Bihar","224","Vaishali","2025-11-11 14:51:45","2025-11-13 15:26:45"
"44","4","Chandigarh","44","Chandigarh","2025-11-11 14:51:45","2025-11-13 15:26:45"
"644","22","Chhattisgarh","646","Balod","2025-11-11 14:51:45","2025-11-13 15:26:45"
"642","22","Chhattisgarh","644","Balodabazar-Bhatapara","2025-11-11 14:51:45","2025-11-13 15:26:45"
"647","22","Chhattisgarh","649","Balrampur-Ramanujganj","2025-11-11 14:51:45","2025-11-13 15:26:45"
"374","22","Chhattisgarh","374","Bastar","2025-11-11 14:51:45","2025-11-13 15:26:45"
"648","22","Chhattisgarh","650","Bemetara","2025-11-11 14:51:45","2025-11-13 15:26:45"
"634","22","Chhattisgarh","636","Bijapur","2025-11-11 14:51:45","2025-11-13 15:26:45"
"375","22","Chhattisgarh","375","Bilaspur","2025-11-11 14:51:45","2025-11-13 15:26:45"
"376","22","Chhattisgarh","376","Dakshin Bastar Dantewada","2025-11-11 14:51:45","2025-11-13 15:26:45"
"377","22","Chhattisgarh","377","Dhamtari","2025-11-11 14:51:45","2025-11-13 15:26:45"
"378","22","Chhattisgarh","378","Durg","2025-11-11 14:51:45","2025-11-13 15:26:45"
"643","22","Chhattisgarh","645","Gariyaband","2025-11-11 14:51:45","2025-11-13 15:26:45"
"732","22","Chhattisgarh","734","Gaurela-Pendra-Marwahi","2025-11-11 14:51:45","2025-11-13 15:26:45"
"379","22","Chhattisgarh","379","Janjgir-Champa","2025-11-11 14:51:45","2025-11-13 15:26:45"
"380","22","Chhattisgarh","380","Jashpur","2025-11-11 14:51:45","2025-11-13 15:26:45"
"382","22","Chhattisgarh","382","Kabeerdham","2025-11-11 14:51:45","2025-11-13 15:26:45"
"757","22","Chhattisgarh","759","Khairagarh-Chhuikhadan-Gandai","2025-11-11 14:51:45","2025-11-13 15:26:45"
"641","22","Chhattisgarh","643","Kondagaon","2025-11-11 14:51:45","2025-11-13 15:26:45"
"383","22","Chhattisgarh","383","Korba","2025-11-11 14:51:45","2025-11-13 15:26:45"
"384","22","Chhattisgarh","384","Korea","2025-11-11 14:51:45","2025-11-13 15:26:45"
"385","22","Chhattisgarh","385","Mahasamund","2025-11-11 14:51:45","2025-11-13 15:26:45"
"758","22","Chhattisgarh","760","Manendragarh-Chirmiri-Bharatpur(M C B)","2025-11-11 14:51:45","2025-11-13 15:26:45"
"759","22","Chhattisgarh","761","Mohla-Manpur-Ambagarh Chouki","2025-11-11 14:51:45","2025-11-13 15:26:45"
"645","22","Chhattisgarh","647","Mungeli","2025-11-11 14:51:45","2025-11-13 15:26:45"
"635","22","Chhattisgarh","637","Narayanpur","2025-11-11 14:51:45","2025-11-13 15:26:45"
"386","22","Chhattisgarh","386","Raigarh","2025-11-11 14:51:45","2025-11-13 15:26:45"
"387","22","Chhattisgarh","387","Raipur","2025-11-11 14:51:45","2025-11-13 15:26:45"
"388","22","Chhattisgarh","388","Rajnandgaon","2025-11-11 14:51:45","2025-11-13 15:26:45"
"760","22","Chhattisgarh","762","Sakti","2025-11-11 14:51:45","2025-11-13 15:26:45"
"761","22","Chhattisgarh","763","Sarangarh-Bilaigarh","2025-11-11 14:51:45","2025-11-13 15:26:45"
"640","22","Chhattisgarh","642","Sukma","2025-11-11 14:51:45","2025-11-13 15:26:45"
"646","22","Chhattisgarh","648","Surajpur","2025-11-11 14:51:45","2025-11-13 15:26:45"
"389","22","Chhattisgarh","389","Surguja","2025-11-11 14:51:45","2025-11-13 15:26:45"
"381","22","Chhattisgarh","381","Uttar Bastar Kanker","2025-11-11 14:51:45","2025-11-13 15:26:45"
"77","7","Delhi","77","Central","2025-11-11 14:51:45","2025-11-13 15:26:45"
"78","7","Delhi","78","East","2025-11-11 14:51:45","2025-11-13 15:26:45"
"79","7","Delhi","79","New Delhi","2025-11-11 14:51:45","2025-11-13 15:26:45"
"80","7","Delhi","80","North","2025-11-11 14:51:45","2025-11-13 15:26:45"
"81","7","Delhi","81","North East","2025-11-11 14:51:45","2025-11-13 15:26:45"
"82","7","Delhi","82","North West","2025-11-11 14:51:45","2025-11-13 15:26:45"
"669","7","Delhi","671","Shahdara","2025-11-11 14:51:45","2025-11-13 15:26:45"
"83","7","Delhi","83","South","2025-11-11 14:51:45","2025-11-13 15:26:45"
"668","7","Delhi","670","South East","2025-11-11 14:51:45","2025-11-13 15:26:45"
"84","7","Delhi","84","South West","2025-11-11 14:51:45","2025-11-13 15:26:45"
"85","7","Delhi","85","West","2025-11-11 14:51:45","2025-11-13 15:26:45"
"551","30","Goa","551","North Goa","2025-11-11 14:51:45","2025-11-13 15:26:45"
"552","30","Goa","552","South Goa","2025-11-11 14:51:45","2025-11-13 15:26:45"
"438","24","Gujarat","438","Ahmedabad","2025-11-11 14:51:45","2025-11-13 15:26:45"
"439","24","Gujarat","439","Amreli","2025-11-11 14:51:45","2025-11-13 15:26:45"
"440","24","Gujarat","440","Anand","2025-11-11 14:51:45","2025-11-13 15:26:45"
"670","24","Gujarat","672","Arvalli","2025-11-11 14:51:45","2025-11-13 15:26:45"
"441","24","Gujarat","441","Banas Kantha","2025-11-11 14:51:45","2025-11-13 15:26:45"
"442","24","Gujarat","442","Bharuch","2025-11-11 14:51:45","2025-11-13 15:26:45"
"443","24","Gujarat","443","Bhavnagar","2025-11-11 14:51:45","2025-11-13 15:26:45"
"674","24","Gujarat","676","Botad","2025-11-11 14:51:45","2025-11-13 15:26:45"
"666","24","Gujarat","668","Chhotaudepur","2025-11-11 14:51:45","2025-11-13 15:26:45"
"445","24","Gujarat","445","Dahod","2025-11-11 14:51:45","2025-11-13 15:26:45"
"444","24","Gujarat","444","Dangs","2025-11-11 14:51:45","2025-11-13 15:26:45"
"672","24","Gujarat","674","Devbhumi Dwarka","2025-11-11 14:51:45","2025-11-13 15:26:45"
"446","24","Gujarat","446","Gandhinagar","2025-11-11 14:51:45","2025-11-13 15:26:45"
"673","24","Gujarat","675","Gir Somnath","2025-11-11 14:51:45","2025-11-13 15:26:45"
"447","24","Gujarat","447","Jamnagar","2025-11-11 14:51:45","2025-11-13 15:26:45"
"448","24","Gujarat","448","Junagadh","2025-11-11 14:51:45","2025-11-13 15:26:45"
"449","24","Gujarat","449","Kachchh","2025-11-11 14:51:45","2025-11-13 15:26:45"
"450","24","Gujarat","450","Kheda","2025-11-11 14:51:45","2025-11-13 15:26:45"
"451","24","Gujarat","451","Mahesana","2025-11-11 14:51:45","2025-11-13 15:26:45"
"667","24","Gujarat","669","Mahisagar","2025-11-11 14:51:45","2025-11-13 15:26:45"
"671","24","Gujarat","673","Morbi","2025-11-11 14:51:45","2025-11-13 15:26:45"
"452","24","Gujarat","452","Narmada","2025-11-11 14:51:45","2025-11-13 15:26:45"
"453","24","Gujarat","453","Navsari","2025-11-11 14:51:45","2025-11-13 15:26:45"
"454","24","Gujarat","454","Panch Mahals","2025-11-11 14:51:45","2025-11-13 15:26:45"
"455","24","Gujarat","455","Patan","2025-11-11 14:51:45","2025-11-13 15:26:45"
"456","24","Gujarat","456","Porbandar","2025-11-11 14:51:45","2025-11-13 15:26:45"
"457","24","Gujarat","457","Rajkot","2025-11-11 14:51:45","2025-11-13 15:26:45"
"458","24","Gujarat","458","Sabar Kantha","2025-11-11 14:51:45","2025-11-13 15:26:45"
"459","24","Gujarat","459","Surat","2025-11-11 14:51:45","2025-11-13 15:26:45"
"460","24","Gujarat","460","Surendranagar","2025-11-11 14:51:45","2025-11-13 15:26:45"
"639","24","Gujarat","641","Tapi","2025-11-11 14:51:45","2025-11-13 15:26:45"
"461","24","Gujarat","461","Vadodara","2025-11-11 14:51:45","2025-11-13 15:26:45"
"462","24","Gujarat","462","Valsad","2025-11-11 14:51:45","2025-11-13 15:26:45"
"58","6","Haryana","58","Ambala","2025-11-11 14:51:45","2025-11-13 15:26:45"
"59","6","Haryana","59","Bhiwani","2025-11-11 14:51:45","2025-11-13 15:26:45"
"699","6","Haryana","701","Charkhi Dadri","2025-11-11 14:51:45","2025-11-13 15:26:45"
"60","6","Haryana","60","Faridabad","2025-11-11 14:51:45","2025-11-13 15:26:45"
"61","6","Haryana","61","Fatehabad","2025-11-11 14:51:45","2025-11-13 15:26:45"
"62","6","Haryana","62","Gurugram","2025-11-11 14:51:45","2025-11-13 15:26:45"
"63","6","Haryana","63","Hisar","2025-11-11 14:51:45","2025-11-13 15:26:45"
"64","6","Haryana","64","Jhajjar","2025-11-11 14:51:45","2025-11-13 15:26:45"
"65","6","Haryana","65","Jind","2025-11-11 14:51:45","2025-11-13 15:26:45"
"66","6","Haryana","66","Kaithal","2025-11-11 14:51:45","2025-11-13 15:26:45"
"67","6","Haryana","67","Karnal","2025-11-11 14:51:45","2025-11-13 15:26:45"
"68","6","Haryana","68","Kurukshetra","2025-11-11 14:51:45","2025-11-13 15:26:45"
"69","6","Haryana","69","Mahendragarh","2025-11-11 14:51:45","2025-11-13 15:26:45"
"602","6","Haryana","604","Nuh","2025-11-11 14:51:45","2025-11-13 15:26:45"
"617","6","Haryana","619","Palwal","2025-11-11 14:51:45","2025-11-13 15:26:45"
"70","6","Haryana","70","Panchkula","2025-11-11 14:51:45","2025-11-13 15:26:45"
"71","6","Haryana","71","Panipat","2025-11-11 14:51:45","2025-11-13 15:26:45"
"72","6","Haryana","72","Rewari","2025-11-11 14:51:45","2025-11-13 15:26:45"
"73","6","Haryana","73","Rohtak","2025-11-11 14:51:45","2025-11-13 15:26:45"
"74","6","Haryana","74","Sirsa","2025-11-11 14:51:45","2025-11-13 15:26:45"
"75","6","Haryana","75","Sonipat","2025-11-11 14:51:45","2025-11-13 15:26:45"
"76","6","Haryana","76","Yamunanagar","2025-11-11 14:51:45","2025-11-13 15:26:45"
"15","2","Himachal Pradesh","15","Bilaspur","2025-11-11 14:51:45","2025-11-13 15:26:45"
"16","2","Himachal Pradesh","16","Chamba","2025-11-11 14:51:45","2025-11-13 15:26:45"
"17","2","Himachal Pradesh","17","Hamirpur","2025-11-11 14:51:45","2025-11-13 15:26:45"
"18","2","Himachal Pradesh","18","Kangra","2025-11-11 14:51:45","2025-11-13 15:26:45"
"19","2","Himachal Pradesh","19","Kinnaur","2025-11-11 14:51:45","2025-11-13 15:26:45"
"20","2","Himachal Pradesh","20","Kullu","2025-11-11 14:51:45","2025-11-13 15:26:45"
"21","2","Himachal Pradesh","21","Lahaul And Spiti","2025-11-11 14:51:45","2025-11-13 15:26:45"
"22","2","Himachal Pradesh","22","Mandi","2025-11-11 14:51:45","2025-11-13 15:26:45"
"23","2","Himachal Pradesh","23","Shimla","2025-11-11 14:51:45","2025-11-13 15:26:45"
"24","2","Himachal Pradesh","24","Sirmaur","2025-11-11 14:51:45","2025-11-13 15:26:45"
"25","2","Himachal Pradesh","25","Solan","2025-11-11 14:51:45","2025-11-13 15:26:45"
"26","2","Himachal Pradesh","26","Una","2025-11-11 14:51:45","2025-11-13 15:26:45"
"1","1","Jammu And Kashmir","1","Anantnag","2025-11-11 14:51:45","2025-11-13 15:26:45"
"621","1","Jammu And Kashmir","623","Bandipora","2025-11-11 14:51:45","2025-11-13 15:26:45"
"3","1","Jammu And Kashmir","3","Baramulla","2025-11-11 14:51:45","2025-11-13 15:26:45"
"2","1","Jammu And Kashmir","2","Budgam","2025-11-11 14:51:45","2025-11-13 15:26:45"
"4","1","Jammu And Kashmir","4","Doda","2025-11-11 14:51:45","2025-11-13 15:26:45"
"624","1","Jammu And Kashmir","626","Ganderbal","2025-11-11 14:51:45","2025-11-13 15:26:45"
"5","1","Jammu And Kashmir","5","Jammu","2025-11-11 14:51:45","2025-11-13 15:26:45"
"7","1","Jammu And Kashmir","7","Kathua","2025-11-11 14:51:45","2025-11-13 15:26:45"
"618","1","Jammu And Kashmir","620","Kishtwar","2025-11-11 14:51:45","2025-11-13 15:26:45"
"620","1","Jammu And Kashmir","622","Kulgam","2025-11-11 14:51:45","2025-11-13 15:26:45"
"8","1","Jammu And Kashmir","8","Kupwara","2025-11-11 14:51:45","2025-11-13 15:26:45"
"10","1","Jammu And Kashmir","10","Poonch","2025-11-11 14:51:45","2025-11-13 15:26:45"
"11","1","Jammu And Kashmir","11","Pulwama","2025-11-11 14:51:45","2025-11-13 15:26:45"
"12","1","Jammu And Kashmir","12","Rajouri","2025-11-11 14:51:45","2025-11-13 15:26:45"
"619","1","Jammu And Kashmir","621","Ramban","2025-11-11 14:51:45","2025-11-13 15:26:45"
"625","1","Jammu And Kashmir","627","Reasi","2025-11-11 14:51:45","2025-11-13 15:26:45"
"622","1","Jammu And Kashmir","624","Samba","2025-11-11 14:51:45","2025-11-13 15:26:45"
"623","1","Jammu And Kashmir","625","Shopian","2025-11-11 14:51:45","2025-11-13 15:26:45"
"13","1","Jammu And Kashmir","13","Srinagar","2025-11-11 14:51:45","2025-11-13 15:26:45"
"14","1","Jammu And Kashmir","14","Udhampur","2025-11-11 14:51:45","2025-11-13 15:26:45"
"322","20","Jharkhand","322","Bokaro","2025-11-11 14:51:45","2025-11-13 15:26:45"
"323","20","Jharkhand","323","Chatra","2025-11-11 14:51:45","2025-11-13 15:26:45"
"324","20","Jharkhand","324","Deoghar","2025-11-11 14:51:45","2025-11-13 15:26:45"
"325","20","Jharkhand","325","Dhanbad","2025-11-11 14:51:45","2025-11-13 15:26:45"
"326","20","Jharkhand","326","Dumka","2025-11-11 14:51:45","2025-11-13 15:26:45"
"327","20","Jharkhand","327","East Singhbum","2025-11-11 14:51:45","2025-11-13 15:26:45"
"328","20","Jharkhand","328","Garhwa","2025-11-11 14:51:45","2025-11-13 15:26:45"
"329","20","Jharkhand","329","Giridih","2025-11-11 14:51:45","2025-11-13 15:26:45"
"330","20","Jharkhand","330","Godda","2025-11-11 14:51:45","2025-11-13 15:26:45"
"331","20","Jharkhand","331","Gumla","2025-11-11 14:51:45","2025-11-13 15:26:45"
"332","20","Jharkhand","332","Hazaribagh","2025-11-11 14:51:45","2025-11-13 15:26:45"
"333","20","Jharkhand","333","Jamtara","2025-11-11 14:51:45","2025-11-13 15:26:45"
"604","20","Jharkhand","606","Khunti","2025-11-11 14:51:45","2025-11-13 15:26:45"
"334","20","Jharkhand","334","Koderma","2025-11-11 14:51:45","2025-11-13 15:26:45"
"335","20","Jharkhand","335","Latehar","2025-11-11 14:51:45","2025-11-13 15:26:45"
"336","20","Jharkhand","336","Lohardaga","2025-11-11 14:51:45","2025-11-13 15:26:45"
"337","20","Jharkhand","337","Pakur","2025-11-11 14:51:45","2025-11-13 15:26:45"
"338","20","Jharkhand","338","Palamu","2025-11-11 14:51:45","2025-11-13 15:26:45"
"605","20","Jharkhand","607","Ramgarh","2025-11-11 14:51:45","2025-11-13 15:26:45"
"339","20","Jharkhand","339","Ranchi","2025-11-11 14:51:45","2025-11-13 15:26:45"
"340","20","Jharkhand","340","Sahebganj","2025-11-11 14:51:45","2025-11-13 15:26:45"
"341","20","Jharkhand","341","Saraikela Kharsawan","2025-11-11 14:51:45","2025-11-13 15:26:45"
"342","20","Jharkhand","342","Simdega","2025-11-11 14:51:45","2025-11-13 15:26:45"
"343","20","Jharkhand","343","West Singhbhum","2025-11-11 14:51:45","2025-11-13 15:26:45"
"524","29","Karnataka","524","Bagalkote","2025-11-11 14:51:45","2025-11-13 15:26:45"
"528","29","Karnataka","528","Ballari","2025-11-11 14:51:45","2025-11-13 15:26:45"
"527","29","Karnataka","527","Belagavi","2025-11-11 14:51:45","2025-11-13 15:26:45"
"526","29","Karnataka","526","Bengaluru Rural","2025-11-11 14:51:45","2025-11-13 15:26:45"
"629","29","Karnataka","631","Bengaluru South","2025-11-11 14:51:45","2025-11-13 15:26:45"
"525","29","Karnataka","525","Bengaluru Urban","2025-11-11 14:51:45","2025-11-13 15:26:45"
"529","29","Karnataka","529","Bidar","2025-11-11 14:51:45","2025-11-13 15:26:45"
"531","29","Karnataka","531","Chamarajanagar","2025-11-11 14:51:45","2025-11-13 15:26:45"
"628","29","Karnataka","630","Chikkaballapura","2025-11-11 14:51:45","2025-11-13 15:26:45"
"532","29","Karnataka","532","Chikkamagaluru","2025-11-11 14:51:45","2025-11-13 15:26:45"
"533","29","Karnataka","533","Chitradurga","2025-11-11 14:51:45","2025-11-13 15:26:45"
"534","29","Karnataka","534","Dakshina Kannada","2025-11-11 14:51:45","2025-11-13 15:26:45"
"535","29","Karnataka","535","Davanagere","2025-11-11 14:51:45","2025-11-13 15:26:45"
"536","29","Karnataka","536","Dharwad","2025-11-11 14:51:45","2025-11-13 15:26:45"
"537","29","Karnataka","537","Gadag","2025-11-11 14:51:45","2025-11-13 15:26:45"
"539","29","Karnataka","539","Hassan","2025-11-11 14:51:45","2025-11-13 15:26:45"
"540","29","Karnataka","540","Haveri","2025-11-11 14:51:45","2025-11-13 15:26:45"
"538","29","Karnataka","538","Kalaburagi","2025-11-11 14:51:45","2025-11-13 15:26:45"
"541","29","Karnataka","541","Kodagu","2025-11-11 14:51:45","2025-11-13 15:26:45"
"542","29","Karnataka","542","Kolar","2025-11-11 14:51:45","2025-11-13 15:26:45"
"543","29","Karnataka","543","Koppal","2025-11-11 14:51:45","2025-11-13 15:26:45"
"544","29","Karnataka","544","Mandya","2025-11-11 14:51:45","2025-11-13 15:26:45"
"545","29","Karnataka","545","Mysuru","2025-11-11 14:51:45","2025-11-13 15:26:45"
"546","29","Karnataka","546","Raichur","2025-11-11 14:51:45","2025-11-13 15:26:45"
"547","29","Karnataka","547","Shivamogga","2025-11-11 14:51:45","2025-11-13 15:26:45"
"548","29","Karnataka","548","Tumakuru","2025-11-11 14:51:45","2025-11-13 15:26:45"
"549","29","Karnataka","549","Udupi","2025-11-11 14:51:45","2025-11-13 15:26:45"
"550","29","Karnataka","550","Uttara Kannada","2025-11-11 14:51:45","2025-11-13 15:26:45"
"736","29","Karnataka","738","Vijayanagara","2025-11-11 14:51:45","2025-11-13 15:26:45"
"530","29","Karnataka","530","Vijayapura","2025-11-11 14:51:45","2025-11-13 15:26:45"
"633","29","Karnataka","635","Yadgir","2025-11-11 14:51:45","2025-11-13 15:26:45"
"554","32","Kerala","554","Alappuzha","2025-11-11 14:51:45","2025-11-13 15:26:45"
"555","32","Kerala","555","Ernakulam","2025-11-11 14:51:45","2025-11-13 15:26:45"
"556","32","Kerala","556","Idukki","2025-11-11 14:51:45","2025-11-13 15:26:45"
"557","32","Kerala","557","Kannur","2025-11-11 14:51:45","2025-11-13 15:26:45"
"558","32","Kerala","558","Kasaragod","2025-11-11 14:51:45","2025-11-13 15:26:45"
"559","32","Kerala","559","Kollam","2025-11-11 14:51:45","2025-11-13 15:26:45"
"560","32","Kerala","560","Kottayam","2025-11-11 14:51:45","2025-11-13 15:26:45"
"561","32","Kerala","561","Kozhikode","2025-11-11 14:51:45","2025-11-13 15:26:45"
"562","32","Kerala","562","Malappuram","2025-11-11 14:51:45","2025-11-13 15:26:45"
"563","32","Kerala","563","Palakkad","2025-11-11 14:51:45","2025-11-13 15:26:45"
"564","32","Kerala","564","Pathanamthitta","2025-11-11 14:51:45","2025-11-13 15:26:45"
"565","32","Kerala","565","Thiruvananthapuram","2025-11-11 14:51:45","2025-11-13 15:26:45"
"566","32","Kerala","566","Thrissur","2025-11-11 14:51:45","2025-11-13 15:26:45"
"567","32","Kerala","567","Wayanad","2025-11-11 14:51:45","2025-11-13 15:26:45"
"6","37","Ladakh","6","Kargil","2025-11-11 14:51:45","2025-11-13 15:26:45"
"9","37","Ladakh","9","Leh Ladakh","2025-11-11 14:51:45","2025-11-13 15:26:45"
"553","31","Lakshadweep","553","Lakshadweep District","2025-11-11 14:51:45","2025-11-13 15:26:45"
"665","23","Madhya Pradesh","667","Agar-Malwa","2025-11-11 14:51:45","2025-11-13 15:26:45"
"637","23","Madhya Pradesh","639","Alirajpur","2025-11-11 14:51:45","2025-11-13 15:26:45"
"390","23","Madhya Pradesh","390","Anuppur","2025-11-11 14:51:45","2025-11-13 15:26:45"
"391","23","Madhya Pradesh","391","Ashoknagar","2025-11-11 14:51:45","2025-11-13 15:26:45"
"392","23","Madhya Pradesh","392","Balaghat","2025-11-11 14:51:45","2025-11-13 15:26:45"
"393","23","Madhya Pradesh","393","Barwani","2025-11-11 14:51:45","2025-11-13 15:26:45"
"394","23","Madhya Pradesh","394","Betul","2025-11-11 14:51:45","2025-11-13 15:26:45"
"395","23","Madhya Pradesh","395","Bhind","2025-11-11 14:51:45","2025-11-13 15:26:45"
"396","23","Madhya Pradesh","396","Bhopal","2025-11-11 14:51:45","2025-11-13 15:26:45"
"397","23","Madhya Pradesh","397","Burhanpur","2025-11-11 14:51:45","2025-11-13 15:26:45"
"398","23","Madhya Pradesh","398","Chhatarpur","2025-11-11 14:51:45","2025-11-13 15:26:45"
"399","23","Madhya Pradesh","399","Chhindwara","2025-11-11 14:51:45","2025-11-13 15:26:45"
"400","23","Madhya Pradesh","400","Damoh","2025-11-11 14:51:45","2025-11-13 15:26:45"
"401","23","Madhya Pradesh","401","Datia","2025-11-11 14:51:45","2025-11-13 15:26:45"
"402","23","Madhya Pradesh","402","Dewas","2025-11-11 14:51:45","2025-11-13 15:26:45"
"403","23","Madhya Pradesh","403","Dhar","2025-11-11 14:51:45","2025-11-13 15:26:45"
"404","23","Madhya Pradesh","404","Dindori","2025-11-11 14:51:45","2025-11-13 15:26:45"
"406","23","Madhya Pradesh","406","Guna","2025-11-11 14:51:45","2025-11-13 15:26:45"
"407","23","Madhya Pradesh","407","Gwalior","2025-11-11 14:51:45","2025-11-13 15:26:45"
"408","23","Madhya Pradesh","408","Harda","2025-11-11 14:51:45","2025-11-13 15:26:45"
"410","23","Madhya Pradesh","410","Indore","2025-11-11 14:51:45","2025-11-13 15:26:45"
"411","23","Madhya Pradesh","411","Jabalpur","2025-11-11 14:51:45","2025-11-13 15:26:45"
"412","23","Madhya Pradesh","412","Jhabua","2025-11-11 14:51:45","2025-11-13 15:26:45"
"413","23","Madhya Pradesh","413","Katni","2025-11-11 14:51:45","2025-11-13 15:26:45"
"405","23","Madhya Pradesh","405","Khandwa (East Nimar)","2025-11-11 14:51:45","2025-11-13 15:26:45"
"414","23","Madhya Pradesh","414","Khargone (West Nimar)","2025-11-11 14:51:45","2025-11-13 15:26:45"
"773","23","Madhya Pradesh","784","Maihar","2025-11-11 14:51:45","2025-11-13 15:26:45"
"415","23","Madhya Pradesh","415","Mandla","2025-11-11 14:51:45","2025-11-13 15:26:45"
"416","23","Madhya Pradesh","416","Mandsaur","2025-11-11 14:51:45","2025-11-13 15:26:45"
"764","23","Madhya Pradesh","766","MAUGANJ","2025-11-11 14:51:45","2025-11-13 15:26:45"
"417","23","Madhya Pradesh","417","Morena","2025-11-11 14:51:45","2025-11-13 15:26:45"
"409","23","Madhya Pradesh","409","Narmadapuram","2025-11-11 14:51:45","2025-11-13 15:26:45"
"418","23","Madhya Pradesh","418","Narsimhapur","2025-11-11 14:51:45","2025-11-13 15:26:45"
"419","23","Madhya Pradesh","419","Neemuch","2025-11-11 14:51:45","2025-11-13 15:26:45"
"720","23","Madhya Pradesh","722","Niwari","2025-11-11 14:51:45","2025-11-13 15:26:45"
"774","23","Madhya Pradesh","785","Pandhurna","2025-11-11 14:51:45","2025-11-13 15:26:45"
"420","23","Madhya Pradesh","420","Panna","2025-11-11 14:51:45","2025-11-13 15:26:45"
"421","23","Madhya Pradesh","421","Raisen","2025-11-11 14:51:45","2025-11-13 15:26:45"
"422","23","Madhya Pradesh","422","Rajgarh","2025-11-11 14:51:45","2025-11-13 15:26:45"
"423","23","Madhya Pradesh","423","Ratlam","2025-11-11 14:51:45","2025-11-13 15:26:45"
"424","23","Madhya Pradesh","424","Rewa","2025-11-11 14:51:45","2025-11-13 15:26:45"
"425","23","Madhya Pradesh","425","Sagar","2025-11-11 14:51:45","2025-11-13 15:26:45"
"426","23","Madhya Pradesh","426","Satna","2025-11-11 14:51:45","2025-11-13 15:26:45"
"427","23","Madhya Pradesh","427","Sehore","2025-11-11 14:51:45","2025-11-13 15:26:45"
"428","23","Madhya Pradesh","428","Seoni","2025-11-11 14:51:45","2025-11-13 15:26:45"
"429","23","Madhya Pradesh","429","Shahdol","2025-11-11 14:51:45","2025-11-13 15:26:45"
"430","23","Madhya Pradesh","430","Shajapur","2025-11-11 14:51:45","2025-11-13 15:26:45"
"431","23","Madhya Pradesh","431","Sheopur","2025-11-11 14:51:45","2025-11-13 15:26:45"
"432","23","Madhya Pradesh","432","Shivpuri","2025-11-11 14:51:45","2025-11-13 15:26:45"
"433","23","Madhya Pradesh","433","Sidhi","2025-11-11 14:51:45","2025-11-13 15:26:45"
"636","23","Madhya Pradesh","638","Singrauli","2025-11-11 14:51:45","2025-11-13 15:26:45"
"434","23","Madhya Pradesh","434","Tikamgarh","2025-11-11 14:51:45","2025-11-13 15:26:45"
"435","23","Madhya Pradesh","435","Ujjain","2025-11-11 14:51:45","2025-11-13 15:26:45"
"436","23","Madhya Pradesh","436","Umaria","2025-11-11 14:51:45","2025-11-13 15:26:45"
"437","23","Madhya Pradesh","437","Vidisha","2025-11-11 14:51:45","2025-11-13 15:26:45"
"466","27","Maharashtra","466","Ahilyanagar","2025-11-11 14:51:45","2025-11-13 15:26:45"
"467","27","Maharashtra","467","Akola","2025-11-11 14:51:45","2025-11-13 15:26:45"
"468","27","Maharashtra","468","Amravati","2025-11-11 14:51:45","2025-11-13 15:26:45"
"470","27","Maharashtra","470","Beed","2025-11-11 14:51:45","2025-11-13 15:26:45"
"471","27","Maharashtra","471","Bhandara","2025-11-11 14:51:45","2025-11-13 15:26:45"
"472","27","Maharashtra","472","Buldhana","2025-11-11 14:51:45","2025-11-13 15:26:45"
"473","27","Maharashtra","473","Chandrapur","2025-11-11 14:51:45","2025-11-13 15:26:45"
"469","27","Maharashtra","469","Chhatrapati Sambhajinagar","2025-11-11 14:51:45","2025-11-13 15:26:45"
"488","27","Maharashtra","488","Dharashiv","2025-11-11 14:51:45","2025-11-13 15:26:45"
"474","27","Maharashtra","474","Dhule","2025-11-11 14:51:45","2025-11-13 15:26:45"
"475","27","Maharashtra","475","Gadchiroli","2025-11-11 14:51:45","2025-11-13 15:26:45"
"476","27","Maharashtra","476","Gondia","2025-11-11 14:51:45","2025-11-13 15:26:45"
"477","27","Maharashtra","477","Hingoli","2025-11-11 14:51:45","2025-11-13 15:26:45"
"478","27","Maharashtra","478","Jalgaon","2025-11-11 14:51:45","2025-11-13 15:26:45"
"479","27","Maharashtra","479","Jalna","2025-11-11 14:51:45","2025-11-13 15:26:45"
"480","27","Maharashtra","480","Kolhapur","2025-11-11 14:51:45","2025-11-13 15:26:45"
"481","27","Maharashtra","481","Latur","2025-11-11 14:51:45","2025-11-13 15:26:45"
"482","27","Maharashtra","482","Mumbai","2025-11-11 14:51:45","2025-11-13 15:26:45"
"483","27","Maharashtra","483","Mumbai Suburban","2025-11-11 14:51:45","2025-11-13 15:26:45"
"484","27","Maharashtra","484","Nagpur","2025-11-11 14:51:45","2025-11-13 15:26:45"
"485","27","Maharashtra","485","Nanded","2025-11-11 14:51:45","2025-11-13 15:26:45"
"486","27","Maharashtra","486","Nandurbar","2025-11-11 14:51:45","2025-11-13 15:26:45"
"487","27","Maharashtra","487","Nashik","2025-11-11 14:51:45","2025-11-13 15:26:45"
"663","27","Maharashtra","665","Palghar","2025-11-11 14:51:45","2025-11-13 15:26:45"
"489","27","Maharashtra","489","Parbhani","2025-11-11 14:51:45","2025-11-13 15:26:45"
"490","27","Maharashtra","490","Pune","2025-11-11 14:51:45","2025-11-13 15:26:45"
"491","27","Maharashtra","491","Raigad","2025-11-11 14:51:45","2025-11-13 15:26:45"
"492","27","Maharashtra","492","Ratnagiri","2025-11-11 14:51:45","2025-11-13 15:26:45"
"493","27","Maharashtra","493","Sangli","2025-11-11 14:51:45","2025-11-13 15:26:45"
"494","27","Maharashtra","494","Satara","2025-11-11 14:51:45","2025-11-13 15:26:45"
"495","27","Maharashtra","495","Sindhudurg","2025-11-11 14:51:45","2025-11-13 15:26:45"
"496","27","Maharashtra","496","Solapur","2025-11-11 14:51:45","2025-11-13 15:26:45"
"497","27","Maharashtra","497","Thane","2025-11-11 14:51:45","2025-11-13 15:26:45"
"498","27","Maharashtra","498","Wardha","2025-11-11 14:51:45","2025-11-13 15:26:45"
"499","27","Maharashtra","499","Washim","2025-11-11 14:51:45","2025-11-13 15:26:45"
"500","27","Maharashtra","500","Yavatmal","2025-11-11 14:51:45","2025-11-13 15:26:45"
"252","14","Manipur","252","Bishnupur","2025-11-11 14:51:45","2025-11-13 15:26:45"
"253","14","Manipur","253","Chandel","2025-11-11 14:51:45","2025-11-13 15:26:45"
"254","14","Manipur","254","Churachandpur","2025-11-11 14:51:45","2025-11-13 15:26:45"
"255","14","Manipur","255","Imphal East","2025-11-11 14:51:45","2025-11-13 15:26:45"
"256","14","Manipur","256","Imphal West","2025-11-11 14:51:45","2025-11-13 15:26:45"
"711","14","Manipur","713","Jiribam","2025-11-11 14:51:45","2025-11-13 15:26:45"
"709","14","Manipur","711","Kakching","2025-11-11 14:51:45","2025-11-13 15:26:45"
"715","14","Manipur","717","Kamjong","2025-11-11 14:51:45","2025-11-13 15:26:45"
"710","14","Manipur","712","Kangpokpi","2025-11-11 14:51:45","2025-11-13 15:26:45"
"712","14","Manipur","714","Noney","2025-11-11 14:51:45","2025-11-13 15:26:45"
"713","14","Manipur","715","Pherzawl","2025-11-11 14:51:45","2025-11-13 15:26:45"
"257","14","Manipur","257","Senapati","2025-11-11 14:51:45","2025-11-13 15:26:45"
"258","14","Manipur","258","Tamenglong","2025-11-11 14:51:45","2025-11-13 15:26:45"
"714","14","Manipur","716","Tengnoupal","2025-11-11 14:51:45","2025-11-13 15:26:45"
"259","14","Manipur","259","Thoubal","2025-11-11 14:51:45","2025-11-13 15:26:45"
"260","14","Manipur","260","Ukhrul","2025-11-11 14:51:45","2025-11-13 15:26:45"
"273","17","Meghalaya","273","East Garo Hills","2025-11-11 14:51:45","2025-11-13 15:26:45"
"655","17","Meghalaya","657","East Jaintia Hills","2025-11-11 14:51:45","2025-11-13 15:26:45"
"274","17","Meghalaya","274","East Khasi Hills","2025-11-11 14:51:45","2025-11-13 15:26:45"
"738","17","Meghalaya","740","Eastern West Khasi Hills","2025-11-11 14:51:45","2025-11-13 15:26:45"
"654","17","Meghalaya","656","North Garo Hills","2025-11-11 14:51:45","2025-11-13 15:26:45"
"276","17","Meghalaya","276","Ri Bhoi","2025-11-11 14:51:45","2025-11-13 15:26:45"
"277","17","Meghalaya","277","South Garo Hills","2025-11-11 14:51:45","2025-11-13 15:26:45"
"661","17","Meghalaya","663","South West Garo Hills","2025-11-11 14:51:45","2025-11-13 15:26:45"
"656","17","Meghalaya","658","South West Khasi Hills","2025-11-11 14:51:45","2025-11-13 15:26:45"
"278","17","Meghalaya","278","West Garo Hills","2025-11-11 14:51:45","2025-11-13 15:26:45"
"275","17","Meghalaya","275","West Jaintia Hills","2025-11-11 14:51:45","2025-11-13 15:26:45"
"279","17","Meghalaya","279","West Khasi Hills","2025-11-11 14:51:45","2025-11-13 15:26:45"
"261","15","Mizoram","261","Aizawl","2025-11-11 14:51:45","2025-11-13 15:26:45"
"262","15","Mizoram","262","Champhai","2025-11-11 14:51:45","2025-11-13 15:26:45"
"724","15","Mizoram","726","Hnahthial","2025-11-11 14:51:45","2025-11-13 15:26:45"
"726","15","Mizoram","728","Khawzawl","2025-11-11 14:51:45","2025-11-13 15:26:45"
"263","15","Mizoram","263","Kolasib","2025-11-11 14:51:45","2025-11-13 15:26:45"
"264","15","Mizoram","264","Lawngtlai","2025-11-11 14:51:45","2025-11-13 15:26:45"
"265","15","Mizoram","265","Lunglei","2025-11-11 14:51:45","2025-11-13 15:26:45"
"266","15","Mizoram","266","Mamit","2025-11-11 14:51:45","2025-11-13 15:26:45"
"725","15","Mizoram","727","Saitual","2025-11-11 14:51:45","2025-11-13 15:26:45"
"268","15","Mizoram","268","Serchhip","2025-11-11 14:51:45","2025-11-13 15:26:45"
"267","15","Mizoram","267","Siaha","2025-11-11 14:51:45","2025-11-13 15:26:45"
"756","13","Nagaland","758","Chumoukedima","2025-11-11 14:51:45","2025-11-13 15:26:45"
"244","13","Nagaland","244","Dimapur","2025-11-11 14:51:45","2025-11-13 15:26:45"
"612","13","Nagaland","614","Kiphire","2025-11-11 14:51:45","2025-11-13 15:26:45"
"245","13","Nagaland","245","Kohima","2025-11-11 14:51:45","2025-11-13 15:26:45"
"613","13","Nagaland","615","Longleng","2025-11-11 14:51:45","2025-11-13 15:26:45"
"777","13","Nagaland","788","Meluri","2025-11-11 14:51:45","2025-11-13 15:26:45"
"246","13","Nagaland","246","Mokokchung","2025-11-11 14:51:45","2025-11-13 15:26:45"
"247","13","Nagaland","247","Mon","2025-11-11 14:51:45","2025-11-13 15:26:45"
"762","13","Nagaland","764","Niuland","2025-11-11 14:51:45","2025-11-13 15:26:45"
"734","13","Nagaland","736","Noklak","2025-11-11 14:51:45","2025-11-13 15:26:45"
"611","13","Nagaland","613","Peren","2025-11-11 14:51:45","2025-11-13 15:26:45"
"248","13","Nagaland","248","Phek","2025-11-11 14:51:45","2025-11-13 15:26:45"
"763","13","Nagaland","765","Shamator","2025-11-11 14:51:45","2025-11-13 15:26:45"
"755","13","Nagaland","757","Tseminyu","2025-11-11 14:51:45","2025-11-13 15:26:45"
"249","13","Nagaland","249","Tuensang","2025-11-11 14:51:45","2025-11-13 15:26:45"
"250","13","Nagaland","250","Wokha","2025-11-11 14:51:45","2025-11-13 15:26:45"
"251","13","Nagaland","251","Zunheboto","2025-11-11 14:51:45","2025-11-13 15:26:45"
"344","21","Odisha","344","Anugul","2025-11-11 14:51:45","2025-11-13 15:26:45"
"345","21","Odisha","345","Balangir","2025-11-11 14:51:45","2025-11-13 15:26:45"
"346","21","Odisha","346","Baleshwar","2025-11-11 14:51:45","2025-11-13 15:26:45"
"347","21","Odisha","347","Bargarh","2025-11-11 14:51:45","2025-11-13 15:26:45"
"348","21","Odisha","348","Bhadrak","2025-11-11 14:51:45","2025-11-13 15:26:45"
"349","21","Odisha","349","Boudh","2025-11-11 14:51:45","2025-11-13 15:26:45"
"350","21","Odisha","350","Cuttack","2025-11-11 14:51:45","2025-11-13 15:26:45"
"351","21","Odisha","351","Deogarh","2025-11-11 14:51:45","2025-11-13 15:26:45"
"352","21","Odisha","352","Dhenkanal","2025-11-11 14:51:45","2025-11-13 15:26:45"
"353","21","Odisha","353","Gajapati","2025-11-11 14:51:45","2025-11-13 15:26:45"
"354","21","Odisha","354","Ganjam","2025-11-11 14:51:45","2025-11-13 15:26:45"
"355","21","Odisha","355","Jagatsinghapur","2025-11-11 14:51:45","2025-11-13 15:26:45"
"356","21","Odisha","356","Jajapur","2025-11-11 14:51:45","2025-11-13 15:26:45"
"357","21","Odisha","357","Jharsuguda","2025-11-11 14:51:45","2025-11-13 15:26:45"
"358","21","Odisha","358","Kalahandi","2025-11-11 14:51:45","2025-11-13 15:26:45"
"359","21","Odisha","359","Kandhamal","2025-11-11 14:51:45","2025-11-13 15:26:45"
"360","21","Odisha","360","Kendrapara","2025-11-11 14:51:45","2025-11-13 15:26:45"
"361","21","Odisha","361","Kendujhar","2025-11-11 14:51:45","2025-11-13 15:26:45"
"362","21","Odisha","362","Khordha","2025-11-11 14:51:45","2025-11-13 15:26:45"
"363","21","Odisha","363","Koraput","2025-11-11 14:51:45","2025-11-13 15:26:45"
"364","21","Odisha","364","Malkangiri","2025-11-11 14:51:45","2025-11-13 15:26:45"
"365","21","Odisha","365","Mayurbhanj","2025-11-11 14:51:45","2025-11-13 15:26:45"
"366","21","Odisha","366","Nabarangpur","2025-11-11 14:51:45","2025-11-13 15:26:45"
"367","21","Odisha","367","Nayagarh","2025-11-11 14:51:45","2025-11-13 15:26:45"
"368","21","Odisha","368","Nuapada","2025-11-11 14:51:45","2025-11-13 15:26:45"
"369","21","Odisha","369","Puri","2025-11-11 14:51:45","2025-11-13 15:26:45"
"370","21","Odisha","370","Rayagada","2025-11-11 14:51:45","2025-11-13 15:26:45"
"371","21","Odisha","371","Sambalpur","2025-11-11 14:51:45","2025-11-13 15:26:45"
"372","21","Odisha","372","Sonepur","2025-11-11 14:51:45","2025-11-13 15:26:45"
"373","21","Odisha","373","Sundargarh","2025-11-11 14:51:45","2025-11-13 15:26:45"
"598","34","Puducherry","598","Karaikal","2025-11-11 14:51:45","2025-11-13 15:26:45"
"599","34","Puducherry","600","Puducherry","2025-11-11 14:51:45","2025-11-13 15:26:45"
"27","3","Punjab","27","Amritsar","2025-11-11 14:51:45","2025-11-13 15:26:45"
"603","3","Punjab","605","Barnala","2025-11-11 14:51:45","2025-11-13 15:26:45"
"28","3","Punjab","28","Bathinda","2025-11-11 14:51:45","2025-11-13 15:26:45"
"29","3","Punjab","29","Faridkot","2025-11-11 14:51:45","2025-11-13 15:26:45"
"30","3","Punjab","30","Fatehgarh Sahib","2025-11-11 14:51:45","2025-11-13 15:26:45"
"649","3","Punjab","651","Fazilka","2025-11-11 14:51:45","2025-11-13 15:26:45"
"31","3","Punjab","31","Ferozepur","2025-11-11 14:51:45","2025-11-13 15:26:45"
"32","3","Punjab","32","Gurdaspur","2025-11-11 14:51:45","2025-11-13 15:26:45"
"33","3","Punjab","33","Hoshiarpur","2025-11-11 14:51:45","2025-11-13 15:26:45"
"34","3","Punjab","34","Jalandhar","2025-11-11 14:51:45","2025-11-13 15:26:45"
"35","3","Punjab","35","Kapurthala","2025-11-11 14:51:45","2025-11-13 15:26:45"
"36","3","Punjab","36","Ludhiana","2025-11-11 14:51:45","2025-11-13 15:26:45"
"735","3","Punjab","737","Malerkotla","2025-11-11 14:51:45","2025-11-13 15:26:45"
"37","3","Punjab","37","Mansa","2025-11-11 14:51:45","2025-11-13 15:26:45"
"38","3","Punjab","38","Moga","2025-11-11 14:51:45","2025-11-13 15:26:45"
"660","3","Punjab","662","Pathankot","2025-11-11 14:51:45","2025-11-13 15:26:45"
"41","3","Punjab","41","Patiala","2025-11-11 14:51:45","2025-11-13 15:26:45"
"42","3","Punjab","42","Rupnagar","2025-11-11 14:51:45","2025-11-13 15:26:45"
"606","3","Punjab","608","S.A.S Nagar","2025-11-11 14:51:45","2025-11-13 15:26:45"
"43","3","Punjab","43","Sangrur","2025-11-11 14:51:45","2025-11-13 15:26:45"
"40","3","Punjab","40","Shahid Bhagat Singh Nagar","2025-11-11 14:51:45","2025-11-13 15:26:45"
"39","3","Punjab","39","Sri Muktsar Sahib","2025-11-11 14:51:45","2025-11-13 15:26:45"
"607","3","Punjab","609","Tarn Taran","2025-11-11 14:51:45","2025-11-13 15:26:45"
"86","8","Rajasthan","86","Ajmer","2025-11-11 14:51:45","2025-11-13 15:26:45"
"87","8","Rajasthan","87","Alwar","2025-11-11 14:51:45","2025-11-13 15:26:45"
"770","8","Rajasthan","775","Balotra","2025-11-11 14:51:45","2025-11-13 15:26:45"
"88","8","Rajasthan","88","Banswara","2025-11-11 14:51:45","2025-11-13 15:26:45"
"89","8","Rajasthan","89","Baran","2025-11-11 14:51:45","2025-11-13 15:26:45"
"90","8","Rajasthan","90","Barmer","2025-11-11 14:51:45","2025-11-13 15:26:45"
"769","8","Rajasthan","774","Beawar","2025-11-11 14:51:45","2025-11-13 15:26:45"
"91","8","Rajasthan","91","Bharatpur","2025-11-11 14:51:45","2025-11-13 15:26:45"
"92","8","Rajasthan","92","Bhilwara","2025-11-11 14:51:45","2025-11-13 15:26:45"
"93","8","Rajasthan","93","Bikaner","2025-11-11 14:51:45","2025-11-13 15:26:45"
"94","8","Rajasthan","94","Bundi","2025-11-11 14:51:45","2025-11-13 15:26:45"
"95","8","Rajasthan","95","Chittorgarh","2025-11-11 14:51:45","2025-11-13 15:26:45"
"96","8","Rajasthan","96","Churu","2025-11-11 14:51:45","2025-11-13 15:26:45"
"97","8","Rajasthan","97","Dausa","2025-11-11 14:51:45","2025-11-13 15:26:45"
"765","8","Rajasthan","767","Deeg","2025-11-11 14:51:45","2025-11-13 15:26:45"
"98","8","Rajasthan","98","Dholpur","2025-11-11 14:51:45","2025-11-13 15:26:45"
"766","8","Rajasthan","768","Didwana-Kuchaman","2025-11-11 14:51:45","2025-11-13 15:26:45"
"99","8","Rajasthan","99","Dungarpur","2025-11-11 14:51:45","2025-11-13 15:26:45"
"100","8","Rajasthan","100","Ganganagar","2025-11-11 14:51:45","2025-11-13 15:26:45"
"101","8","Rajasthan","101","Hanumangarh","2025-11-11 14:51:45","2025-11-13 15:26:45"
"102","8","Rajasthan","102","Jaipur","2025-11-11 14:51:45","2025-11-13 15:26:45"
"103","8","Rajasthan","103","Jaisalmer","2025-11-11 14:51:45","2025-11-13 15:26:45"
"104","8","Rajasthan","104","Jalore","2025-11-11 14:51:45","2025-11-13 15:26:45"
"105","8","Rajasthan","105","Jhalawar","2025-11-11 14:51:45","2025-11-13 15:26:45"
"106","8","Rajasthan","106","Jhunjhunu","2025-11-11 14:51:45","2025-11-13 15:26:45"
"107","8","Rajasthan","107","Jodhpur","2025-11-11 14:51:45","2025-11-13 15:26:45"
"108","8","Rajasthan","108","Karauli","2025-11-11 14:51:45","2025-11-13 15:26:45"
"767","8","Rajasthan","770","Khairthal-Tijara","2025-11-11 14:51:45","2025-11-13 15:26:45"
"109","8","Rajasthan","109","Kota","2025-11-11 14:51:45","2025-11-13 15:26:45"
"772","8","Rajasthan","782","Kotputli-Behror","2025-11-11 14:51:45","2025-11-13 15:26:45"
"110","8","Rajasthan","110","Nagaur","2025-11-11 14:51:45","2025-11-13 15:26:45"
"111","8","Rajasthan","111","Pali","2025-11-11 14:51:45","2025-11-13 15:26:45"
"768","8","Rajasthan","772","Phalodi","2025-11-11 14:51:45","2025-11-13 15:26:45"
"627","8","Rajasthan","629","Pratapgarh","2025-11-11 14:51:45","2025-11-13 15:26:45"
"112","8","Rajasthan","112","Rajsamand","2025-11-11 14:51:45","2025-11-13 15:26:45"
"771","8","Rajasthan","777","Salumbar","2025-11-11 14:51:45","2025-11-13 15:26:45"
"113","8","Rajasthan","113","Sawai Madhopur","2025-11-11 14:51:45","2025-11-13 15:26:45"
"114","8","Rajasthan","114","Sikar","2025-11-11 14:51:45","2025-11-13 15:26:45"
"115","8","Rajasthan","115","Sirohi","2025-11-11 14:51:45","2025-11-13 15:26:45"
"116","8","Rajasthan","116","Tonk","2025-11-11 14:51:45","2025-11-13 15:26:45"
"117","8","Rajasthan","117","Udaipur","2025-11-11 14:51:45","2025-11-13 15:26:45"
"225","11","Sikkim","225","Gangtok","2025-11-11 14:51:45","2025-11-13 15:26:45"
"228","11","Sikkim","228","Gyalshing","2025-11-11 14:51:45","2025-11-13 15:26:45"
"226","11","Sikkim","226","Mangan","2025-11-11 14:51:45","2025-11-13 15:26:45"
"227","11","Sikkim","227","Namchi","2025-11-11 14:51:45","2025-11-13 15:26:45"
"739","11","Sikkim","741","Pakyong","2025-11-11 14:51:45","2025-11-13 15:26:45"
"740","11","Sikkim","742","Soreng","2025-11-11 14:51:45","2025-11-13 15:26:45"
"608","33","Tamil Nadu","610","Ariyalur","2025-11-11 14:51:45","2025-11-13 15:26:45"
"728","33","Tamil Nadu","730","Chengalpattu","2025-11-11 14:51:45","2025-11-13 15:26:45"
"568","33","Tamil Nadu","568","Chennai","2025-11-11 14:51:45","2025-11-13 15:26:45"
"569","33","Tamil Nadu","569","Coimbatore","2025-11-11 14:51:45","2025-11-13 15:26:45"
"570","33","Tamil Nadu","570","Cuddalore","2025-11-11 14:51:45","2025-11-13 15:26:45"
"571","33","Tamil Nadu","571","Dharmapuri","2025-11-11 14:51:45","2025-11-13 15:26:45"
"572","33","Tamil Nadu","572","Dindigul","2025-11-11 14:51:45","2025-11-13 15:26:45"
"573","33","Tamil Nadu","573","Erode","2025-11-11 14:51:45","2025-11-13 15:26:45"
"727","33","Tamil Nadu","729","Kallakurichi","2025-11-11 14:51:45","2025-11-13 15:26:45"
"574","33","Tamil Nadu","574","Kancheepuram","2025-11-11 14:51:45","2025-11-13 15:26:45"
"575","33","Tamil Nadu","575","Kanniyakumari","2025-11-11 14:51:45","2025-11-13 15:26:45"
"576","33","Tamil Nadu","576","Karur","2025-11-11 14:51:45","2025-11-13 15:26:45"
"577","33","Tamil Nadu","577","Krishnagiri","2025-11-11 14:51:45","2025-11-13 15:26:45"
"578","33","Tamil Nadu","578","Madurai","2025-11-11 14:51:45","2025-11-13 15:26:45"
"733","33","Tamil Nadu","735","Mayiladuthurai","2025-11-11 14:51:45","2025-11-13 15:26:45"
"579","33","Tamil Nadu","579","Nagapattinam","2025-11-11 14:51:45","2025-11-13 15:26:45"
"580","33","Tamil Nadu","580","Namakkal","2025-11-11 14:51:45","2025-11-13 15:26:45"
"581","33","Tamil Nadu","581","Perambalur","2025-11-11 14:51:45","2025-11-13 15:26:45"
"582","33","Tamil Nadu","582","Pudukkottai","2025-11-11 14:51:45","2025-11-13 15:26:45"
"583","33","Tamil Nadu","583","Ramanathapuram","2025-11-11 14:51:45","2025-11-13 15:26:45"
"729","33","Tamil Nadu","731","Ranipet","2025-11-11 14:51:45","2025-11-13 15:26:45"
"584","33","Tamil Nadu","584","Salem","2025-11-11 14:51:45","2025-11-13 15:26:45"
"585","33","Tamil Nadu","585","Sivaganga","2025-11-11 14:51:45","2025-11-13 15:26:45"
"731","33","Tamil Nadu","733","Tenkasi","2025-11-11 14:51:45","2025-11-13 15:26:45"
"586","33","Tamil Nadu","586","Thanjavur","2025-11-11 14:51:45","2025-11-13 15:26:45"
"587","33","Tamil Nadu","587","The Nilgiris","2025-11-11 14:51:45","2025-11-13 15:26:45"
"588","33","Tamil Nadu","588","Theni","2025-11-11 14:51:45","2025-11-13 15:26:45"
"589","33","Tamil Nadu","589","Thiruvallur","2025-11-11 14:51:45","2025-11-13 15:26:45"
"590","33","Tamil Nadu","590","Thiruvarur","2025-11-11 14:51:45","2025-11-13 15:26:45"
"594","33","Tamil Nadu","594","Thoothukkudi","2025-11-11 14:51:45","2025-11-13 15:26:45"
"591","33","Tamil Nadu","591","Tiruchirappalli","2025-11-11 14:51:45","2025-11-13 15:26:45"
"592","33","Tamil Nadu","592","Tirunelveli","2025-11-11 14:51:45","2025-11-13 15:26:45"
"730","33","Tamil Nadu","732","Tirupathur","2025-11-11 14:51:45","2025-11-13 15:26:45"
"632","33","Tamil Nadu","634","Tiruppur","2025-11-11 14:51:45","2025-11-13 15:26:45"
"593","33","Tamil Nadu","593","Tiruvannamalai","2025-11-11 14:51:45","2025-11-13 15:26:45"
"595","33","Tamil Nadu","595","Vellore","2025-11-11 14:51:45","2025-11-13 15:26:45"
"596","33","Tamil Nadu","596","Viluppuram","2025-11-11 14:51:45","2025-11-13 15:26:45"
"597","33","Tamil Nadu","597","Virudhunagar","2025-11-11 14:51:45","2025-11-13 15:26:45"
"501","36","Telangana","501","Adilabad","2025-11-11 14:51:45","2025-11-13 15:26:45"
"688","36","Telangana","690","Bhadradri Kothagudem","2025-11-11 14:51:45","2025-11-13 15:26:45"
"684","36","Telangana","686","Hanumakonda","2025-11-11 14:51:45","2025-11-13 15:26:45"
"507","36","Telangana","507","Hyderabad","2025-11-11 14:51:45","2025-11-13 15:26:45"
"679","36","Telangana","681","Jagitial","2025-11-11 14:51:45","2025-11-13 15:26:45"
"687","36","Telangana","689","Jangoan","2025-11-11 14:51:45","2025-11-13 15:26:45"
"685","36","Telangana","687","Jayashankar Bhupalapally","2025-11-11 14:51:45","2025-11-13 15:26:45"
"693","36","Telangana","695","Jogulamba Gadwal","2025-11-11 14:51:45","2025-11-13 15:26:45"
"683","36","Telangana","685","Kamareddy","2025-11-11 14:51:45","2025-11-13 15:26:45"
"508","36","Telangana","508","Karimnagar","2025-11-11 14:51:45","2025-11-13 15:26:45"
"509","36","Telangana","509","Khammam","2025-11-11 14:51:45","2025-11-13 15:26:45"
"697","36","Telangana","699","Kumuram Bheem Asifabad","2025-11-11 14:51:45","2025-11-13 15:26:45"
"686","36","Telangana","688","Mahabubabad","2025-11-11 14:51:45","2025-11-13 15:26:45"
"512","36","Telangana","512","Mahabubnagar","2025-11-11 14:51:45","2025-11-13 15:26:45"
"682","36","Telangana","684","Mancherial","2025-11-11 14:51:45","2025-11-13 15:26:45"
"513","36","Telangana","513","Medak","2025-11-11 14:51:45","2025-11-13 15:26:45"
"698","36","Telangana","700","Medchal Malkajgiri","2025-11-11 14:51:45","2025-11-13 15:26:45"
"718","36","Telangana","720","Mulugu","2025-11-11 14:51:45","2025-11-13 15:26:45"
"692","36","Telangana","694","Nagarkurnool","2025-11-11 14:51:45","2025-11-13 15:26:45"
"514","36","Telangana","514","Nalgonda","2025-11-11 14:51:45","2025-11-13 15:26:45"
"719","36","Telangana","721","Narayanpet","2025-11-11 14:51:45","2025-11-13 15:26:45"
"678","36","Telangana","680","Nirmal","2025-11-11 14:51:45","2025-11-13 15:26:45"
"516","36","Telangana","516","Nizamabad","2025-11-11 14:51:45","2025-11-13 15:26:45"
"680","36","Telangana","682","Peddapalli","2025-11-11 14:51:45","2025-11-13 15:26:45"
"681","36","Telangana","683","Rajanna Sircilla","2025-11-11 14:51:45","2025-11-13 15:26:45"
"518","36","Telangana","518","Ranga Reddy","2025-11-11 14:51:45","2025-11-13 15:26:45"
"689","36","Telangana","691","Sangareddy","2025-11-11 14:51:45","2025-11-13 15:26:45"
"690","36","Telangana","692","Siddipet","2025-11-11 14:51:45","2025-11-13 15:26:45"
"694","36","Telangana","696","Suryapet","2025-11-11 14:51:45","2025-11-13 15:26:45"
"696","36","Telangana","698","Vikarabad","2025-11-11 14:51:45","2025-11-13 15:26:45"
"691","36","Telangana","693","Wanaparthy","2025-11-11 14:51:45","2025-11-13 15:26:45"
"522","36","Telangana","522","Warangal","2025-11-11 14:51:45","2025-11-13 15:26:45"
"695","36","Telangana","697","Yadadri Bhuvanagiri","2025-11-11 14:51:45","2025-11-13 15:26:45"
"465","38","The Dadra And Nagar Haveli And Daman And Diu","465","Dadra And Nagar Haveli","2025-11-11 14:51:45","2025-11-13 15:26:45"
"463","38","The Dadra And Nagar Haveli And Daman And Diu","463","Daman","2025-11-11 14:51:45","2025-11-13 15:26:45"
"464","38","The Dadra And Nagar Haveli And Daman And Diu","464","Diu","2025-11-11 14:51:45","2025-11-13 15:26:45"
"779","99","Training State","999","Training District","2026-04-07 12:20:36","2026-04-07 12:20:36"
"269","16","Tripura","269","Dhalai","2025-11-11 14:51:45","2025-11-13 15:26:45"
"652","16","Tripura","654","Gomati","2025-11-11 14:51:45","2025-11-13 15:26:45"
"650","16","Tripura","652","Khowai","2025-11-11 14:51:45","2025-11-13 15:26:45"
"270","16","Tripura","270","North Tripura","2025-11-11 14:51:45","2025-11-13 15:26:45"
"651","16","Tripura","653","Sepahijala","2025-11-11 14:51:45","2025-11-13 15:26:45"
"271","16","Tripura","271","South Tripura","2025-11-11 14:51:45","2025-11-13 15:26:45"
"653","16","Tripura","655","Unakoti","2025-11-11 14:51:45","2025-11-13 15:26:45"
"272","16","Tripura","272","West Tripura","2025-11-11 14:51:45","2025-11-13 15:26:45"
"118","9","Uttar Pradesh","118","Agra","2025-11-11 14:51:45","2025-11-13 15:26:45"
"119","9","Uttar Pradesh","119","Aligarh","2025-11-11 14:51:45","2025-11-13 15:26:45"
"121","9","Uttar Pradesh","121","Ambedkar Nagar","2025-11-11 14:51:45","2025-11-13 15:26:45"
"638","9","Uttar Pradesh","640","Amethi","2025-11-11 14:51:45","2025-11-13 15:26:45"
"154","9","Uttar Pradesh","154","Amroha","2025-11-11 14:51:45","2025-11-13 15:26:45"
"122","9","Uttar Pradesh","122","Auraiya","2025-11-11 14:51:45","2025-11-13 15:26:45"
"140","9","Uttar Pradesh","140","Ayodhya","2025-11-11 14:51:45","2025-11-13 15:26:45"
"123","9","Uttar Pradesh","123","Azamgarh","2025-11-11 14:51:45","2025-11-13 15:26:45"
"124","9","Uttar Pradesh","124","Baghpat","2025-11-11 14:51:45","2025-11-13 15:26:45"
"125","9","Uttar Pradesh","125","Bahraich","2025-11-11 14:51:45","2025-11-13 15:26:45"
"126","9","Uttar Pradesh","126","Ballia","2025-11-11 14:51:45","2025-11-13 15:26:45"
"127","9","Uttar Pradesh","127","Balrampur","2025-11-11 14:51:45","2025-11-13 15:26:45"
"128","9","Uttar Pradesh","128","Banda","2025-11-11 14:51:45","2025-11-13 15:26:45"
"129","9","Uttar Pradesh","129","Bara Banki","2025-11-11 14:51:45","2025-11-13 15:26:45"
"130","9","Uttar Pradesh","130","Bareilly","2025-11-11 14:51:45","2025-11-13 15:26:45"
"131","9","Uttar Pradesh","131","Basti","2025-11-11 14:51:45","2025-11-13 15:26:45"
"179","9","Uttar Pradesh","179","Bhadohi","2025-11-11 14:51:45","2025-11-13 15:26:45"
"132","9","Uttar Pradesh","132","Bijnor","2025-11-11 14:51:45","2025-11-13 15:26:45"
"133","9","Uttar Pradesh","133","Budaun","2025-11-11 14:51:45","2025-11-13 15:26:45"
"134","9","Uttar Pradesh","134","Bulandshahr","2025-11-11 14:51:45","2025-11-13 15:26:45"
"135","9","Uttar Pradesh","135","Chandauli","2025-11-11 14:51:45","2025-11-13 15:26:45"
"136","9","Uttar Pradesh","136","Chitrakoot","2025-11-11 14:51:45","2025-11-13 15:26:45"
"137","9","Uttar Pradesh","137","Deoria","2025-11-11 14:51:45","2025-11-13 15:26:45"
"138","9","Uttar Pradesh","138","Etah","2025-11-11 14:51:45","2025-11-13 15:26:45"
"139","9","Uttar Pradesh","139","Etawah","2025-11-11 14:51:45","2025-11-13 15:26:45"
"141","9","Uttar Pradesh","141","Farrukhabad","2025-11-11 14:51:45","2025-11-13 15:26:45"
"142","9","Uttar Pradesh","142","Fatehpur","2025-11-11 14:51:45","2025-11-13 15:26:45"
"143","9","Uttar Pradesh","143","Firozabad","2025-11-11 14:51:45","2025-11-13 15:26:45"
"144","9","Uttar Pradesh","144","Gautam Buddha Nagar","2025-11-11 14:51:45","2025-11-13 15:26:45"
"145","9","Uttar Pradesh","145","Ghaziabad","2025-11-11 14:51:45","2025-11-13 15:26:45"
"146","9","Uttar Pradesh","146","Ghazipur","2025-11-11 14:51:45","2025-11-13 15:26:45"
"147","9","Uttar Pradesh","147","Gonda","2025-11-11 14:51:45","2025-11-13 15:26:45"
"148","9","Uttar Pradesh","148","Gorakhpur","2025-11-11 14:51:45","2025-11-13 15:26:45"
"149","9","Uttar Pradesh","149","Hamirpur","2025-11-11 14:51:45","2025-11-13 15:26:45"
"659","9","Uttar Pradesh","661","Hapur","2025-11-11 14:51:45","2025-11-13 15:26:45"
"150","9","Uttar Pradesh","150","Hardoi","2025-11-11 14:51:45","2025-11-13 15:26:45"
"163","9","Uttar Pradesh","163","Hathras","2025-11-11 14:51:45","2025-11-13 15:26:45"
"151","9","Uttar Pradesh","151","Jalaun","2025-11-11 14:51:45","2025-11-13 15:26:45"
"152","9","Uttar Pradesh","152","Jaunpur","2025-11-11 14:51:45","2025-11-13 15:26:45"
"153","9","Uttar Pradesh","153","Jhansi","2025-11-11 14:51:45","2025-11-13 15:26:45"
"155","9","Uttar Pradesh","155","Kannauj","2025-11-11 14:51:45","2025-11-13 15:26:45"
"156","9","Uttar Pradesh","156","Kanpur Dehat","2025-11-11 14:51:45","2025-11-13 15:26:45"
"157","9","Uttar Pradesh","157","Kanpur Nagar","2025-11-11 14:51:45","2025-11-13 15:26:45"
"631","9","Uttar Pradesh","633","Kasganj","2025-11-11 14:51:45","2025-11-13 15:26:45"
"158","9","Uttar Pradesh","158","Kaushambi","2025-11-11 14:51:45","2025-11-13 15:26:45"
"159","9","Uttar Pradesh","159","Kheri","2025-11-11 14:51:45","2025-11-13 15:26:45"
"160","9","Uttar Pradesh","160","Kushinagar","2025-11-11 14:51:45","2025-11-13 15:26:45"
"161","9","Uttar Pradesh","161","Lalitpur","2025-11-11 14:51:45","2025-11-13 15:26:45"
"162","9","Uttar Pradesh","162","Lucknow","2025-11-11 14:51:45","2025-11-13 15:26:45"
"165","9","Uttar Pradesh","165","Mahoba","2025-11-11 14:51:45","2025-11-13 15:26:45"
"164","9","Uttar Pradesh","164","Mahrajganj","2025-11-11 14:51:45","2025-11-13 15:26:45"
"166","9","Uttar Pradesh","166","Mainpuri","2025-11-11 14:51:45","2025-11-13 15:26:45"
"167","9","Uttar Pradesh","167","Mathura","2025-11-11 14:51:45","2025-11-13 15:26:45"
"168","9","Uttar Pradesh","168","Mau","2025-11-11 14:51:45","2025-11-13 15:26:45"
"169","9","Uttar Pradesh","169","Meerut","2025-11-11 14:51:45","2025-11-13 15:26:45"
"170","9","Uttar Pradesh","170","Mirzapur","2025-11-11 14:51:45","2025-11-13 15:26:45"
"171","9","Uttar Pradesh","171","Moradabad","2025-11-11 14:51:45","2025-11-13 15:26:45"
"172","9","Uttar Pradesh","172","Muzaffarnagar","2025-11-11 14:51:45","2025-11-13 15:26:45"
"173","9","Uttar Pradesh","173","Pilibhit","2025-11-11 14:51:45","2025-11-13 15:26:45"
"174","9","Uttar Pradesh","174","Pratapgarh","2025-11-11 14:51:45","2025-11-13 15:26:45"
"120","9","Uttar Pradesh","120","Prayagraj","2025-11-11 14:51:45","2025-11-13 15:26:45"
"175","9","Uttar Pradesh","175","Rae Bareli","2025-11-11 14:51:45","2025-11-13 15:26:45"
"176","9","Uttar Pradesh","176","Rampur","2025-11-11 14:51:45","2025-11-13 15:26:45"
"177","9","Uttar Pradesh","177","Saharanpur","2025-11-11 14:51:45","2025-11-13 15:26:45"
"657","9","Uttar Pradesh","659","Sambhal","2025-11-11 14:51:45","2025-11-13 15:26:45"
"178","9","Uttar Pradesh","178","Sant Kabir Nagar","2025-11-11 14:51:45","2025-11-13 15:26:45"
"180","9","Uttar Pradesh","180","Shahjahanpur","2025-11-11 14:51:45","2025-11-13 15:26:45"
"658","9","Uttar Pradesh","660","Shamli","2025-11-11 14:51:45","2025-11-13 15:26:45"
"181","9","Uttar Pradesh","181","Shrawasti","2025-11-11 14:51:45","2025-11-13 15:26:45"
"182","9","Uttar Pradesh","182","Siddharthnagar","2025-11-11 14:51:45","2025-11-13 15:26:45"
"183","9","Uttar Pradesh","183","Sitapur","2025-11-11 14:51:45","2025-11-13 15:26:45"
"184","9","Uttar Pradesh","184","Sonbhadra","2025-11-11 14:51:45","2025-11-13 15:26:45"
"185","9","Uttar Pradesh","185","Sultanpur","2025-11-11 14:51:45","2025-11-13 15:26:45"
"186","9","Uttar Pradesh","186","Unnao","2025-11-11 14:51:45","2025-11-13 15:26:45"
"187","9","Uttar Pradesh","187","Varanasi","2025-11-11 14:51:45","2025-11-13 15:26:45"
"45","5","Uttarakhand","45","Almora","2025-11-11 14:51:45","2025-11-13 15:26:45"
"46","5","Uttarakhand","46","Bageshwar","2025-11-11 14:51:45","2025-11-13 15:26:45"
"47","5","Uttarakhand","47","Chamoli","2025-11-11 14:51:45","2025-11-13 15:26:45"
"48","5","Uttarakhand","48","Champawat","2025-11-11 14:51:45","2025-11-13 15:26:45"
"49","5","Uttarakhand","49","Dehradun","2025-11-11 14:51:45","2025-11-13 15:26:45"
"50","5","Uttarakhand","50","Haridwar","2025-11-11 14:51:45","2025-11-13 15:26:45"
"51","5","Uttarakhand","51","Nainital","2025-11-11 14:51:45","2025-11-13 15:26:45"
"52","5","Uttarakhand","52","Pauri Garhwal","2025-11-11 14:51:45","2025-11-13 15:26:45"
"53","5","Uttarakhand","53","Pithoragarh","2025-11-11 14:51:45","2025-11-13 15:26:45"
"54","5","Uttarakhand","54","Rudraprayag","2025-11-11 14:51:45","2025-11-13 15:26:45"
"55","5","Uttarakhand","55","Tehri Garhwal","2025-11-11 14:51:45","2025-11-13 15:26:45"
"56","5","Uttarakhand","56","Udham Singh Nagar","2025-11-11 14:51:45","2025-11-13 15:26:45"
"57","5","Uttarakhand","57","Uttarkashi","2025-11-11 14:51:45","2025-11-13 15:26:45"
"662","19","West Bengal","664","Alipurduar","2025-11-11 14:51:45","2025-11-13 15:26:45"
"305","19","West Bengal","305","Bankura","2025-11-11 14:51:45","2025-11-13 15:26:45"
"307","19","West Bengal","307","Birbhum","2025-11-11 14:51:45","2025-11-13 15:26:45"
"308","19","West Bengal","308","Cooch Behar","2025-11-11 14:51:45","2025-11-13 15:26:45"
"310","19","West Bengal","310","Dakshin Dinajpur","2025-11-11 14:51:45","2025-11-13 15:26:45"
"309","19","West Bengal","309","Darjeeling","2025-11-11 14:51:45","2025-11-13 15:26:45"
"312","19","West Bengal","312","Hooghly","2025-11-11 14:51:45","2025-11-13 15:26:45"
"313","19","West Bengal","313","Howrah","2025-11-11 14:51:45","2025-11-13 15:26:45"
"314","19","West Bengal","314","Jalpaiguri","2025-11-11 14:51:45","2025-11-13 15:26:45"
"701","19","West Bengal","703","Jhargram","2025-11-11 14:51:45","2025-11-13 15:26:45"
"700","19","West Bengal","702","Kalimpong","2025-11-11 14:51:45","2025-11-13 15:26:45"
"315","19","West Bengal","315","Kolkata","2025-11-11 14:51:45","2025-11-13 15:26:45"
"316","19","West Bengal","316","Malda","2025-11-11 14:51:45","2025-11-13 15:26:45"
"319","19","West Bengal","319","Murshidabad","2025-11-11 14:51:45","2025-11-13 15:26:45"
"320","19","West Bengal","320","Nadia","2025-11-11 14:51:45","2025-11-13 15:26:45"
"303","19","West Bengal","303","North 24 Parganas","2025-11-11 14:51:45","2025-11-13 15:26:45"
"702","19","West Bengal","704","Paschim Bardhaman","2025-11-11 14:51:45","2025-11-13 15:26:45"
"318","19","West Bengal","318","Paschim Medinipur","2025-11-11 14:51:45","2025-11-13 15:26:45"
"306","19","West Bengal","306","Purba Bardhaman","2025-11-11 14:51:45","2025-11-13 15:26:45"
"317","19","West Bengal","317","Purba Medinipur","2025-11-11 14:51:45","2025-11-13 15:26:45"
"321","19","West Bengal","321","Purulia","2025-11-11 14:51:45","2025-11-13 15:26:45"
"304","19","West Bengal","304","South 24 Parganas","2025-11-11 14:51:45","2025-11-13 15:26:45"
"311","19","West Bengal","311","Uttar Dinajpur","2025-11-11 14:51:45","2025-11-13 15:26:45"
